order_id,order_date,customer_id,region,category,quantity,unit_price
1,2024-11-25,3,West,Support,1,535.77
2,2025-02-05,112,East,Support,19,526.63
3,2024-10-20,192,South,Software,23,601.31
4,2024-02-07,174,North,Software,28,665.11
5,2025-03-23,115,South,Hardware,1,239.82
6,2024-02-21,6,East,Software,6,667.45
7,2024-08-28,149,North,Services,21,183.80
8,2024-07-23,144,West,Support,31,883.47
9,2024-10-07,72,North,Support,29,268.79
10,2024-12-02,111,West,Hardware,30,401.27
11,2025-05-25,37,North,Hardware,13,792.73
12,2024-11-18,179,East,Software,3,137.32
13,2024-08-27,22,South,Support,5,182.40
14,2024-11-09,205,East,Services,37,35.87
15,2025-03-11,41,East,Services,21,321.12
16,2024-04-18,125,South,Software,1,123.31
17,2025-06-28,139,North,Support,16,678.20
18,2024-12-03,58,East,Software,39,766.59
19,2024-11-07,177,East,Software,30,106.46
20,2025-03-02,132,West,Services,38,19.47
21,2025-04-10,24,South,Hardware,35,45.55
22,2024-04-16,134,East,Software,5,379.45
23,2024-07-12,57,North,Hardware,1,686.59
24,2025-06-20,90,East,Hardware,26,612.64
25,2024-02-23,58,North,Services,28,629.79
26,2024-12-18,152,North,Hardware,4,149.35
27,2024-09-03,171,North,Services,23,
28,2025-04-24,50,West,Services,-1,175.56
29,2024-07-15,75,West,Services,17,224.34
30,2025-06-01,155,South,Hardware,-1,422.54
31,2025-01-04,145,North,Software,26,169.53
32,2024-05-29,178,South,Software,27,281.28
33,2025-06-13,63,South,Services,25,251.04
34,2025-03-06,48,East,Hardware,28,78.70
35,2024-07-16,112,South,Software,28,199.83
36,2025-06-24,14,South,Software,14,698.92
37,2024-08-11,43,East,Software,34,634.05
38,2025-05-21,192,West,Support,21,811.68
39,2024-12-12,127,West,Software,1,594.85
40,2025-05-30,139,West,Services,37,337.22
41,2025-03-05,109,South,Services,1,476.92
42,2025-05-15,70,North,Software,5,98.08
43,2024-03-01,67,North,Hardware,33,202.32
44,2025-04-10,21,North,Support,23,851.60
45,2025-04-24,95,East,Hardware,37,386.11
46,2024-09-25,194,South,Services,36,559.25
47,2024-07-09,170,West,Hardware,20,507.21
48,2024-04-01,145,North,Software,21,863.28
49,2024-10-22,25,West,Hardware,33,805.51
50,2024-05-17,15,North,Software,36,896.39
51,2025-04-18,120,West,Software,8,260.52
52,2025-02-04,9,North,Software,40,765.83
53,2025-01-07,36,South,Software,19,
54,2024-07-01,139,East,Support,8,444.99
55,2025-02-25,39,West,Services,-1,632.37
56,2024-03-27,94,West,Services,8,380.01
57,2024-12-30,124,East,Software,18,813.95
58,2024-10-03,41,East,Software,2,
59,2024-09-13,30,East,Services,12,761.77
60,2024-10-27,193,East,Support,37,571.92
61,2025-01-27,49,North,Services,-1,95.25
62,2025-06-04,172,North,Hardware,22,847.89
63,2025-03-18,173,North,Hardware,40,253.95
64,2025-03-19,196,West,Support,34,362.27
65,2024-08-19,67,East,Support,34,143.56
66,2025-06-11,97,South,Support,21,500.30
67,2024-07-16,41,South,Software,23,196.43
68,2025-05-11,178,North,Software,8,420.58
69,2024-07-14,166,North,Software,36,204.95
70,2024-03-28,33,West,Services,16,135.78
71,2025-06-03,132,West,Services,25,423.99
72,2025-03-12,135,South,Services,32,383.78
73,2025-06-12,29,East,Hardware,26,229.26
74,2024-05-07,55,East,Services,17,124.18
75,2024-02-04,65,South,Support,3,62.89
76,2024-02-02,16,South,Services,3,325.92
77,2025-03-24,110,North,Hardware,7,514.62
78,2025-03-09,51,East,Support,7,503.20
79,2025-05-01,44,West,Services,38,146.36
80,2024-09-05,139,East,Support,39,523.24
81,2024-10-18,65,West,Services,25,674.25
82,2025-06-04,64,South,Software,16,737.06
83,2024-06-14,142,North,Software,12,430.61
84,2024-11-04,196,North,Software,1,300.88
85,2024-11-01,15,West,Software,12,494.81
86,2024-03-10,40,West,Software,38,133.70
87,2024-07-25,110,East,Hardware,14,815.85
88,2024-06-02,45,East,Hardware,22,554.44
89,2024-03-19,124,South,Software,16,445.40
90,2024-04-07,49,South,Services,13,698.00
91,2024-02-27,101,East,Services,-1,823.15
92,2024-05-30,32,West,Support,20,518.66
93,2025-06-22,30,South,Software,1,158.27
94,2024-04-11,169,North,Support,6,475.13
95,2024-06-07,38,West,Hardware,11,271.36
96,2024-12-30,77,North,Software,26,269.35
97,2024-04-10,149,East,Hardware,24,845.10
98,2025-01-19,90,West,Services,3,689.64
99,2024-03-01,28,North,Software,3,278.66
100,2024-08-05,39,South,Software,35,45.25
101,2024-04-09,75,North,Services,16,
102,2025-05-11,181,East,Support,10,251.26
103,2024-06-10,171,South,Services,23,502.77
104,2025-02-17,167,North,Hardware,3,776.08
105,2024-10-17,18,South,Services,3,319.68
106,2024-10-08,169,East,Hardware,23,816.20
107,2025-05-15,141,East,Hardware,5,260.00
108,2025-02-14,72,South,Support,29,125.41
109,2025-02-04,173,South,Support,13,286.42
110,2024-09-12,164,West,Support,11,840.94
111,2024-07-12,83,East,Services,1,291.49
112,2024-06-10,138,South,Software,28,680.06
113,2025-01-22,180,West,Support,18,380.99
114,2024-09-30,113,East,Services,1,581.58
115,2025-03-19,33,North,Support,3,792.62
116,2025-02-08,26,South,Hardware,36,250.76
117,2024-03-11,210,South,Software,31,548.24
118,2024-08-27,50,North,Support,16,811.56
119,2025-06-19,174,East,Software,14,462.01
120,2025-05-01,46,West,Software,29,236.07
121,2025-02-25,124,North,Hardware,27,789.98
122,2024-09-22,13,West,Support,23,310.18
123,2024-03-17,26,North,Hardware,34,463.83
124,2024-07-09,101,South,Hardware,37,628.32
125,2024-10-26,148,South,Support,32,302.66
126,2024-02-02,191,East,Services,27,442.22
127,2024-12-16,86,East,Support,19,167.62
128,2025-06-13,33,East,Hardware,36,100.26
129,2024-01-04,57,North,Services,20,575.48
130,2024-02-04,59,North,Hardware,9,891.17
131,2024-06-30,154,West,Hardware,7,560.29
132,2024-02-19,11,East,Software,15,682.03
133,2024-02-27,32,South,Software,14,519.15
134,2025-01-22,161,East,Support,12,72.63
135,2025-05-27,104,East,Software,32,472.61
136,2024-11-13,59,West,Support,36,339.84
137,2024-10-30,24,South,Support,15,579.64
138,2025-04-18,87,West,Software,17,346.10
139,2025-01-19,4,North,Support,5,734.50
140,2024-01-27,180,East,Support,17,156.11
141,2024-03-10,101,East,Support,19,699.11
142,2024-11-12,166,West,Support,38,725.92
143,2024-10-02,14,East,Software,-1,54.01
144,2024-08-12,192,East,Services,25,517.23
145,2025-01-03,160,South,Services,36,794.23
146,2025-05-22,177,North,Services,12,385.72
147,2024-01-21,65,East,Hardware,-2,324.69
148,2024-02-09,52,South,Support,26,524.90
149,2025-02-01,38,North,Hardware,6,110.55
150,2025-02-13,206,West,Services,5,826.90
151,2024-05-22,193,North,Support,34,798.95
152,2025-05-10,126,East,Services,39,720.82
153,2025-01-12,120,West,Software,22,357.44
154,2024-05-10,22,South,Support,21,93.32
155,2024-05-02,12,South,Services,18,587.73
156,2024-06-07,160,East,Software,24,445.75
157,2024-10-09,68,South,Support,25,47.31
158,2024-03-13,7,West,Software,1,280.78
159,2024-01-03,190,West,Software,3,96.24
160,2024-10-04,114,West,Support,31,618.15
161,2024-03-25,26,South,Services,36,860.50
162,2024-09-04,25,East,Hardware,11,213.51
163,2025-01-26,169,West,Software,2,582.38
164,2024-05-12,149,North,Software,28,530.58
165,2025-02-02,130,West,Support,40,20.48
166,2025-05-21,197,South,Support,10,703.77
167,2024-07-27,69,North,Services,34,490.37
168,2024-05-06,181,East,Support,-2,21.34
169,2024-01-30,102,East,Software,9,
170,2025-05-06,171,West,Hardware,19,277.55
171,2024-12-26,82,East,Services,26,580.83
172,2024-09-03,7,North,Support,4,574.13
173,2024-12-17,14,West,Software,2,701.15
174,2024-02-27,126,North,Services,23,610.46
175,2025-06-16,20,North,Hardware,31,332.02
176,2025-03-24,52,East,Hardware,15,289.59
177,2024-10-20,171,North,Hardware,21,390.16
178,2025-02-04,30,East,Support,26,864.12
179,2024-03-17,79,South,Hardware,35,724.85
180,2024-03-09,143,South,Hardware,25,282.84
181,2024-08-17,142,West,Services,8,213.65
182,2024-08-10,97,West,Support,27,443.48
183,2024-02-11,196,West,Hardware,3,194.77
184,2024-08-28,23,East,Hardware,-3,165.40
185,2024-09-18,151,East,Services,36,515.86
186,2024-02-24,47,North,Services,20,826.91
187,2024-08-13,171,South,Hardware,5,284.27
188,2024-05-29,105,North,Hardware,28,188.93
189,2025-05-14,47,South,Support,21,228.29
190,2025-05-22,170,South,Software,36,671.08
191,2025-02-21,176,East,Support,40,459.72
192,2025-05-06,113,East,Software,36,370.98
193,2024-07-29,93,North,Support,37,273.79
194,2024-08-14,156,West,Support,6,94.94
195,2024-09-17,191,South,Services,25,756.77
196,2024-06-10,94,East,Support,11,806.15
197,2024-05-01,146,West,Software,20,269.89
198,2024-10-19,116,East,Services,8,815.58
199,2025-01-26,149,East,Hardware,12,634.96
200,2024-03-26,168,East,Support,36,777.37
201,2024-01-08,12,South,Support,27,89.67
202,2024-05-18,165,South,Support,33,424.89
203,2025-03-04,113,South,Support,40,886.85
204,2024-07-10,90,North,Support,34,292.78
205,2024-10-17,169,West,Support,27,275.69
206,2024-09-08,187,South,Hardware,19,543.25
207,2024-09-15,116,East,Hardware,1,896.39
208,2024-01-22,164,South,Hardware,19,870.27
209,2024-11-09,75,South,Hardware,25,787.59
210,2024-03-15,63,East,Services,39,537.25
211,2025-02-26,77,North,Hardware,38,374.17
212,2025-04-23,126,West,Support,28,256.80
213,2024-02-28,167,North,Software,24,579.10
214,2024-05-08,80,West,Software,3,899.29
215,2024-04-11,26,South,Software,36,306.23
216,2025-03-23,16,North,Hardware,27,579.16
217,2025-04-15,73,East,Support,14,327.03
218,2024-01-29,165,North,Hardware,14,351.92
219,2024-06-20,7,East,Hardware,34,117.42
220,2025-02-24,155,South,Services,1,64.44
221,2024-07-15,15,South,Support,30,
222,2025-04-15,196,South,Hardware,30,459.93
223,2024-05-25,135,South,Software,25,461.25
224,2024-06-08,15,South,Support,18,345.14
225,2024-04-28,162,West,Services,6,734.20
226,2024-12-29,133,South,Software,7,136.88
227,2024-05-15,49,South,Software,36,137.49
228,2025-04-22,113,West,Support,35,295.00
229,2024-05-23,32,South,Support,27,802.14
230,2025-01-12,149,North,Hardware,14,329.13
231,2024-04-16,69,South,Services,32,417.26
232,2024-11-15,106,North,Hardware,22,558.34
233,2024-01-19,40,West,Software,1,179.30
234,2024-08-28,39,East,Software,1,828.15
235,2025-04-04,168,South,Services,4,167.65
236,2024-05-30,23,East,Hardware,6,91.69
237,2024-05-04,79,North,Hardware,36,198.15
238,2024-07-28,99,South,Services,27,419.35
239,2025-04-13,171,South,Support,27,275.01
240,2024-06-07,8,East,Support,24,856.02
241,2024-09-09,191,West,Services,39,51.54
242,2025-06-27,78,North,Services,23,894.43
243,2024-05-31,46,North,Services,4,517.78
244,2024-10-31,190,West,Software,6,
245,2024-01-13,129,West,Support,10,190.90
246,2025-01-16,161,North,Support,31,39.96
247,2025-05-14,103,West,Services,29,77.94
248,2024-10-07,186,North,Software,12,69.50
249,2024-03-08,25,North,Hardware,22,62.49
250,2025-01-27,147,North,Hardware,36,375.80
251,2024-08-24,158,North,Software,26,215.19
252,2025-05-05,35,South,Support,40,835.07
253,2025-03-07,70,East,Software,39,110.00
254,2024-07-03,73,North,Hardware,18,484.86
255,2024-08-18,47,East,Software,35,
256,2025-01-17,71,East,Services,30,212.06
257,2024-07-16,149,North,Support,14,163.32
258,2024-06-29,184,South,Support,24,846.60
259,2025-02-23,13,West,Hardware,36,100.64
260,2025-04-28,174,North,Support,34,231.83
261,2024-10-08,144,South,Software,38,147.83
262,2024-12-20,6,West,Services,22,566.90
263,2024-04-19,194,West,Software,39,126.01
264,2024-04-08,105,South,Support,26,165.83
265,2024-12-31,90,South,Support,5,313.55
266,2025-06-08,67,East,Software,14,27.42
267,2024-12-28,144,North,Services,24,100.86
268,2024-09-29,103,West,Hardware,2,84.69
269,2024-07-08,125,North,Hardware,28,309.49
270,2024-09-15,168,North,Support,13,
271,2025-06-03,9,South,Services,35,289.88
272,2024-04-18,40,East,Hardware,21,63.32
273,2024-03-27,131,North,Hardware,13,257.88
274,2025-05-31,124,North,Support,36,708.05
275,2024-01-18,108,South,Services,28,261.07
276,2025-05-14,99,West,Support,2,708.71
277,2025-05-28,115,East,Support,7,759.55
278,2024-01-06,157,West,Support,21,646.40
279,2024-06-21,120,South,Software,11,666.79
280,2024-06-09,41,South,Support,13,770.68
281,2024-06-25,30,South,Software,24,
282,2024-03-20,122,North,Services,29,758.65
283,2025-01-30,10,East,Services,11,653.46
284,2024-06-01,173,West,Support,10,785.74
285,2024-03-08,131,South,Hardware,25,770.42
286,2024-05-27,154,North,Support,34,
287,2024-01-16,124,West,Support,24,215.57
288,2025-03-04,120,East,Support,2,117.94
289,2024-09-29,3,South,Support,11,28.33
290,2025-01-31,121,North,Support,29,
291,2024-02-13,107,West,Support,37,241.76
292,2024-08-20,157,North,Support,6,320.83
293,2024-12-20,89,South,Services,4,560.23
294,2024-02-18,162,North,Support,5,29.89
295,2024-06-09,131,South,Software,7,313.26
296,2024-02-23,131,West,Hardware,37,531.97
297,2025-04-15,43,South,Software,-1,170.03
298,2024-12-16,112,West,Services,3,260.47
299,2025-03-05,114,West,Software,13,303.82
300,2025-02-15,41,South,Support,20,634.26
301,2024-05-23,129,South,Support,39,692.44
302,2024-02-17,44,North,Hardware,24,835.33
303,2024-05-18,34,West,Services,10,179.47
304,2025-04-04,120,North,Services,36,103.35
305,2024-05-30,38,North,Hardware,2,140.11
306,2024-05-17,62,South,Services,37,
307,2024-07-07,151,East,Software,5,
308,2024-09-01,51,South,Hardware,22,682.88
309,2025-03-25,101,East,Hardware,5,604.13
310,2024-04-09,107,West,Software,4,192.84
311,2024-10-21,127,West,Software,12,532.31
312,2024-02-17,51,South,Software,32,881.16
313,2024-10-10,2,North,Support,23,846.66
314,2024-03-12,16,East,Services,16,221.30
315,2024-05-08,51,West,Hardware,10,851.81
316,2025-06-15,42,South,Support,13,416.60
317,2025-02-01,106,North,Services,2,302.92
318,2024-06-15,195,East,Services,28,217.62
319,2024-12-06,67,West,Services,7,301.79
320,2025-01-23,64,East,Services,12,360.18
321,2024-09-25,37,East,Software,15,447.14
322,2024-08-21,28,North,Hardware,39,483.74
323,2024-03-10,176,East,Services,37,606.48
324,2024-06-06,32,South,Support,16,859.08
325,2025-01-25,17,East,Services,9,290.79
326,2025-03-19,138,North,Hardware,32,551.09
327,2024-01-03,217,East,Services,4,427.44
328,2024-08-19,196,East,Services,16,389.41
329,2024-02-21,79,West,Hardware,32,351.41
330,2024-01-05,57,North,Services,37,570.96
331,2025-03-28,134,West,Services,5,272.64
332,2024-04-06,53,West,Software,34,166.27
333,2024-01-21,143,North,Hardware,9,90.35
334,2024-12-16,32,North,Software,2,803.22
335,2024-10-29,16,North,Hardware,31,580.94
336,2024-05-25,194,East,Support,34,885.97
337,2024-01-26,2,East,Support,31,610.73
338,2025-04-01,1,East,Support,24,489.17
339,2024-09-19,148,North,Support,23,530.94
340,2024-07-12,75,North,Services,6,834.67
341,2024-06-05,109,South,Support,6,385.32
342,2024-12-26,8,South,Hardware,30,728.38
343,2025-05-20,26,South,Software,20,860.85
344,2025-01-21,67,North,Software,18,642.70
345,2024-08-04,31,East,Support,37,691.09
346,2024-09-27,15,South,Services,23,665.37
347,2024-07-15,83,West,Software,9,301.13
348,2024-04-30,190,West,Services,12,728.81
349,2025-05-29,132,North,Services,33,366.26
350,2024-03-16,67,East,Software,28,796.40
351,2024-12-06,121,South,Hardware,12,774.64
352,2024-07-19,28,West,Hardware,11,733.31
353,2024-11-02,167,West,Services,25,178.96
354,2024-08-17,77,North,Services,34,744.00
355,2025-05-29,165,North,Services,-3,688.48
356,2024-10-10,104,South,Software,12,36.42
357,2025-02-16,80,East,Support,15,884.65
358,2025-03-11,197,East,Support,2,656.00
359,2024-06-27,86,South,Services,9,703.82
360,2025-06-25,157,East,Software,36,461.13
361,2024-09-22,44,North,Hardware,8,819.06
362,2024-10-02,104,East,Software,36,274.12
363,2024-05-01,91,East,Software,15,269.45
364,2025-05-04,112,South,Hardware,38,561.44
365,2025-01-19,119,North,Support,5,392.29
366,2024-06-16,93,South,Services,2,383.07
367,2024-12-30,200,North,Support,13,600.24
368,2024-08-20,106,North,Services,20,81.68
369,2024-12-12,176,North,Support,21,859.10
370,2024-03-12,99,West,Hardware,24,188.86
371,2024-06-28,35,East,Hardware,38,846.33
372,2025-01-01,19,North,Hardware,9,607.83
373,2025-01-16,8,North,Software,29,896.13
374,2024-05-12,1,North,Services,20,548.21
375,2025-05-12,175,South,Software,32,216.72
376,2024-02-07,85,South,Hardware,2,195.74
377,2024-04-18,157,South,Services,26,158.77
378,2025-03-24,149,East,Software,12,287.48
379,2024-07-31,22,West,Software,38,728.35
380,2024-04-11,34,North,Hardware,31,396.07
381,2025-03-17,18,North,Services,18,298.92
382,2024-09-29,103,North,Hardware,2,245.02
383,2024-07-15,101,West,Hardware,9,799.66
384,2024-02-04,72,North,Services,13,758.40
385,2024-09-29,83,South,Hardware,20,548.52
386,2024-10-09,143,East,Hardware,28,358.86
387,2025-04-09,5,South,Software,2,794.57
388,2024-09-02,47,North,Support,40,447.41
389,2025-01-27,128,East,Hardware,34,329.94
390,2024-10-15,193,North,Hardware,15,55.55
391,2025-01-10,130,North,Services,24,674.84
392,2024-04-20,135,West,Hardware,3,514.48
393,2024-12-09,59,South,Software,29,483.15
394,2025-05-09,100,South,Hardware,3,73.44
395,2024-01-15,82,South,Hardware,7,342.23
396,2024-05-05,65,West,Support,11,846.05
397,2024-10-21,31,South,Support,10,169.89
398,2025-05-24,182,North,Software,-1,118.11
399,2025-02-04,139,West,Hardware,13,852.77
400,2024-09-30,152,North,Support,-2,513.13
401,2025-04-22,112,North,Software,34,876.06
402,2024-09-10,166,North,Support,23,374.03
403,2025-05-15,137,East,Hardware,2,334.34
404,2024-05-15,87,East,Support,39,503.59
405,2024-11-22,93,West,Support,23,777.80
406,2025-01-21,29,South,Support,6,586.78
407,2024-01-29,83,West,Hardware,10,771.97
408,2024-06-02,13,South,Hardware,15,869.67
409,2024-01-10,105,South,Services,6,37.54
410,2025-05-28,187,South,Software,6,89.17
411,2025-01-08,176,North,Software,-3,279.29
412,2024-06-25,157,South,Hardware,20,736.11
413,2025-03-02,185,West,Software,27,353.66
414,2025-05-19,171,East,Services,1,781.78
415,2024-12-05,178,West,Support,1,293.08
416,2024-08-23,2,North,Support,1,630.79
417,2024-02-26,92,East,Hardware,21,577.74
418,2025-05-13,123,West,Support,5,267.47
419,2024-09-06,72,West,Support,22,822.38
420,2024-10-08,134,North,Support,22,115.80
421,2024-09-13,43,North,Support,15,315.49
422,2024-07-01,72,North,Services,30,214.37
423,2024-12-23,117,East,Hardware,32,447.60
424,2024-06-08,177,East,Software,6,
425,2024-04-04,137,West,Software,31,875.14
426,2024-04-29,102,North,Software,17,109.26
427,2025-06-09,71,West,Support,26,293.02
428,2025-03-30,89,West,Software,17,
429,2024-12-31,196,West,Services,6,286.45
430,2025-04-22,196,East,Support,19,271.87
431,2024-03-19,168,East,Support,21,222.43
432,2024-06-17,2,South,Services,16,434.54
433,2024-04-09,76,North,Hardware,20,298.36
434,2024-10-30,95,North,Support,18,810.88
435,2025-04-20,2,North,Services,10,247.01
436,2024-11-26,28,South,Support,26,892.51
437,2024-08-18,97,North,Services,14,255.68
438,2024-06-18,99,North,Support,3,264.81
439,2024-10-28,155,East,Services,34,442.83
440,2024-05-09,5,South,Support,10,560.61
441,2025-02-28,48,West,Software,17,51.25
442,2024-05-02,44,East,Software,1,85.58
443,2024-05-13,25,West,Support,2,108.79
444,2024-10-10,118,East,Software,9,872.14
445,2025-06-10,56,West,Services,27,526.30
446,2024-03-07,45,South,Software,10,838.75
447,2024-10-18,152,South,Software,37,227.29
448,2025-05-07,95,East,Software,17,707.58
449,2025-01-27,30,West,Hardware,21,176.99
450,2025-04-21,169,South,Support,32,780.81
451,2024-03-29,112,East,Support,1,487.89
452,2024-01-09,121,North,Software,27,832.53
453,2024-01-16,182,East,Support,34,685.07
454,2024-04-06,52,East,Support,38,305.44
455,2024-09-20,59,North,Services,33,632.58
456,2025-03-14,194,South,Hardware,26,712.14
457,2024-07-09,199,North,Services,7,876.56
458,2024-09-10,134,South,Services,-3,878.11
459,2024-12-10,6,North,Services,32,56.29
460,2024-02-27,151,North,Services,4,375.30
461,2025-03-01,72,South,Hardware,38,94.12
462,2024-12-27,127,South,Hardware,31,841.84
463,2024-05-14,162,North,Services,10,460.10
464,2025-04-06,13,South,Services,14,184.32
465,2024-05-24,61,South,Hardware,11,523.30
466,2025-05-21,42,East,Support,23,102.37
467,2024-12-22,89,North,Services,29,379.55
468,2024-02-08,172,East,Software,24,536.37
469,2024-12-04,191,East,Hardware,3,742.04
470,2024-05-26,92,West,Software,27,238.07
471,2025-05-26,18,East,Services,35,173.67
472,2024-12-18,5,West,Software,31,325.07
473,2025-01-25,81,East,Software,1,
474,2025-06-14,169,East,Software,38,344.31
475,2024-09-19,126,East,Software,34,154.77
476,2025-02-04,19,East,Services,6,326.46
477,2024-09-19,27,South,Support,23,206.73
478,2024-09-03,163,South,Services,12,247.81
479,2024-11-29,47,North,Hardware,23,884.97
480,2025-03-11,16,East,Services,15,602.70
481,2024-04-04,132,West,Support,9,509.96
482,2024-07-09,140,South,Support,12,219.89
483,2024-11-10,10,North,Hardware,11,20.00
484,2025-06-18,28,South,Support,18,277.62
485,2025-03-08,63,West,Services,3,349.09
486,2025-05-05,126,South,Software,3,325.77
487,2025-02-03,96,North,Services,11,163.54
488,2024-05-05,198,North,Hardware,29,247.19
489,2025-06-25,35,West,Services,14,586.13
490,2024-05-11,10,East,Support,26,699.88
491,2024-01-09,190,West,Software,25,785.98
492,2024-11-09,173,South,Support,32,149.32
493,2025-01-01,93,West,Support,6,195.20
494,2024-12-25,84,North,Support,30,259.78
495,2024-05-24,13,South,Software,15,531.33
496,2024-03-06,45,East,Software,3,216.31
497,2025-01-11,119,South,Services,31,618.97
498,2025-04-10,138,East,Services,30,518.36
499,2024-12-22,171,East,Support,8,720.23
500,2025-03-15,18,North,Software,-3,565.51
501,2024-02-02,144,North,Support,8,331.14
502,2025-03-08,105,East,Software,10,570.38
503,2025-04-06,106,South,Services,29,536.61
504,2024-05-27,66,East,Support,36,453.77
505,2025-03-24,165,East,Support,-2,45.42
506,2024-09-20,158,West,Services,30,339.90
507,2025-05-14,65,West,Hardware,31,542.69
508,2024-02-01,113,North,Software,31,619.50
509,2024-08-29,184,South,Support,27,482.78
510,2024-01-01,101,North,Support,25,293.61
511,2025-04-16,104,West,Hardware,6,183.36
512,2025-06-01,13,East,Support,35,415.35
513,2025-06-20,194,West,Services,33,493.88
514,2025-04-06,169,East,Support,40,610.95
515,2025-06-08,70,West,Support,17,21.26
516,2024-05-26,123,East,Software,8,257.20
517,2024-07-16,53,South,Support,-2,78.46
518,2024-12-28,105,South,Hardware,19,885.27
519,2024-04-27,72,North,Support,5,233.98
520,2024-01-20,14,West,Support,36,404.46
521,2025-03-06,104,West,Hardware,12,669.32
522,2024-09-24,91,East,Software,4,267.12
523,2024-07-15,15,East,Software,11,169.29
524,2024-01-12,89,East,Software,-3,383.89
525,2024-07-22,143,North,Services,17,429.55
526,2024-07-04,81,North,Services,15,652.38
527,2024-04-05,36,South,Hardware,23,106.74
528,2025-04-29,47,North,Services,12,459.26
529,2025-03-02,185,North,Software,1,811.45
530,2025-04-29,47,South,Support,26,264.86
531,2024-05-31,37,West,Support,37,93.21
532,2024-06-07,64,South,Services,4,570.66
533,2024-04-04,5,North,Services,4,150.87
534,2024-12-30,17,East,Software,25,133.79
535,2024-05-04,67,East,Support,14,498.59
536,2024-03-08,5,North,Support,36,255.36
537,2024-09-10,104,West,Services,38,141.95
538,2025-01-15,127,East,Hardware,31,784.33
539,2025-06-22,131,North,Support,29,757.57
540,2025-05-07,37,West,Hardware,5,729.00
541,2024-08-26,74,East,Hardware,3,409.47
542,2025-04-06,40,South,Services,31,621.47
543,2025-06-03,4,South,Support,34,132.35
544,2025-02-02,52,East,Software,11,266.21
545,2025-04-18,159,South,Software,10,871.18
546,2025-04-30,159,South,Services,8,821.69
547,2024-11-11,192,South,Services,10,55.66
548,2024-11-03,54,East,Support,14,588.99
549,2024-09-18,110,East,Software,13,547.72
550,2025-02-14,178,South,Support,14,468.02
551,2025-05-05,200,North,Support,36,361.40
552,2025-02-10,2,West,Hardware,15,306.22
553,2025-01-03,190,West,Services,36,529.41
554,2024-11-28,181,West,Software,14,484.71
555,2024-06-28,86,West,Support,23,71.39
556,2024-12-08,53,North,Software,25,740.18
557,2024-09-27,137,North,Software,5,168.19
558,2025-01-05,143,East,Software,8,71.97
559,2024-11-12,39,West,Support,19,86.70
560,2025-06-04,48,South,Hardware,16,564.33
561,2025-05-06,52,East,Software,2,266.93
562,2024-02-13,18,South,Services,14,365.44
563,2025-02-23,175,North,Services,40,605.61
564,2024-10-24,156,East,Software,8,133.73
565,2024-06-09,156,North,Support,9,329.67
566,2025-05-31,39,South,Support,28,789.36
567,2024-04-04,30,North,Hardware,2,
568,2025-04-08,155,North,Hardware,18,137.57
569,2024-12-12,96,East,Services,4,879.87
570,2025-04-19,29,South,Hardware,26,57.87
571,2024-02-27,169,West,Software,24,708.94
572,2025-02-13,191,West,Hardware,20,832.46
573,2025-05-11,107,South,Software,37,668.08
574,2024-11-27,104,South,Software,5,
575,2024-05-22,98,East,Services,22,246.34
576,2024-02-17,165,South,Software,1,138.73
577,2024-11-05,167,West,Services,33,574.15
578,2024-07-26,137,East,Support,10,674.55
579,2024-02-11,82,South,Software,34,69.08
580,2025-06-09,53,North,Software,12,857.98
581,2024-06-28,84,North,Software,9,70.24
582,2025-04-13,23,East,Hardware,-1,25.31
583,2024-08-05,38,North,Services,38,157.98
584,2024-06-15,50,South,Support,36,514.77
585,2025-04-26,129,West,Support,33,589.04
586,2024-05-13,105,North,Software,22,792.63
587,2024-10-26,178,West,Services,30,862.91
588,2024-04-09,12,West,Hardware,21,218.32
589,2024-09-19,157,East,Software,17,531.70
590,2024-03-29,39,South,Services,23,561.66
591,2025-04-01,39,East,Services,11,839.27
592,2025-02-15,4,West,Hardware,16,688.77
593,2024-04-01,200,West,Software,17,
594,2025-02-14,172,West,Hardware,10,541.22
595,2024-03-30,66,West,Services,21,714.28
596,2024-02-02,17,North,Software,1,211.16
597,2025-04-17,97,East,Hardware,28,499.48
598,2025-02-27,174,South,Support,32,829.44
599,2024-10-04,46,West,Services,25,67.85
600,2025-02-07,95,South,Support,2,462.28
601,2024-10-22,60,North,Support,32,802.17
602,2025-01-15,140,South,Support,11,779.72
603,2024-02-13,12,East,Support,39,393.21
604,2024-08-24,126,North,Software,20,634.66
605,2025-03-07,139,North,Support,5,350.82
606,2024-12-07,58,East,Software,3,526.08
607,2024-02-28,156,South,Hardware,14,811.67
608,2025-06-25,135,East,Hardware,21,128.80
609,2024-07-15,111,North,Services,5,625.69
610,2025-06-07,105,South,Hardware,9,91.70
611,2024-07-27,13,South,Support,23,343.11
612,2024-05-27,14,East,Hardware,31,357.47
613,2024-01-29,79,East,Software,11,421.82
614,2024-10-02,95,West,Hardware,19,575.42
615,2024-06-30,21,North,Hardware,22,897.68
616,2024-05-13,84,West,Services,35,196.75
617,2024-05-17,102,East,Services,19,874.42
618,2024-10-25,78,East,Services,3,178.99
619,2025-04-27,184,West,Software,31,245.71
620,2024-03-31,105,South,Software,32,536.46
621,2024-04-08,128,South,Services,36,734.38
622,2024-11-09,128,East,Support,13,744.16
623,2025-02-27,203,South,Support,1,617.35
624,2024-10-12,206,South,Software,21,
625,2025-05-10,49,North,Services,36,692.63
626,2024-06-23,18,West,Software,26,157.05
627,2025-02-09,203,East,Hardware,4,889.92
628,2024-04-12,101,West,Hardware,38,34.21
629,2024-04-26,62,South,Hardware,24,669.31
630,2024-05-03,23,North,Support,28,332.72
631,2024-04-08,4,East,Support,21,114.43
632,2024-10-19,85,South,Software,28,92.31
633,2025-06-01,167,South,Hardware,30,571.06
634,2024-06-11,131,West,Services,1,365.99
635,2025-04-14,116,West,Support,26,728.05
636,2024-02-25,39,North,Hardware,19,85.36
637,2025-01-13,87,East,Hardware,7,95.21
638,2024-10-08,211,East,Software,16,365.13
639,2024-02-29,156,East,Support,29,618.08
640,2025-01-31,193,West,Hardware,5,693.43
641,2024-10-01,24,South,Software,4,329.29
642,2025-01-03,113,North,Services,12,490.79
643,2025-01-29,165,West,Support,18,294.94
644,2024-02-20,38,South,Support,19,349.81
645,2025-03-27,84,East,Services,32,
646,2024-09-09,1,North,Hardware,27,804.12
647,2025-06-10,4,North,Hardware,30,39.00
648,2024-10-04,127,North,Hardware,38,283.17
649,2025-01-08,75,East,Hardware,40,432.69
650,2024-06-29,28,West,Hardware,26,316.38
651,2024-05-05,192,South,Support,19,733.38
652,2024-01-05,13,South,Support,-2,509.81
653,2025-02-15,127,East,Support,8,24.40
654,2024-12-28,90,North,Hardware,26,46.31
655,2024-03-06,179,South,Software,27,
656,2025-04-17,53,North,Services,18,422.18
657,2024-06-07,151,North,Software,15,468.90
658,2024-05-18,25,East,Hardware,34,608.52
659,2024-09-15,81,South,Services,29,649.50
660,2024-06-24,43,East,Support,18,491.04
661,2024-04-05,64,South,Software,26,196.33
662,2024-10-29,63,East,Services,-2,26.68
663,2024-04-08,148,North,Support,2,286.26
664,2024-02-03,181,South,Software,2,715.48
665,2024-02-24,21,West,Services,33,299.51
666,2025-02-15,126,West,Support,25,231.36
667,2024-09-16,10,South,Support,25,66.03
668,2024-03-23,176,South,Hardware,5,858.24
669,2025-04-15,147,West,Software,3,863.32
670,2025-06-25,186,South,Support,22,845.27
671,2024-07-07,13,West,Hardware,23,273.31
672,2025-01-09,123,North,Software,35,727.95
673,2024-04-04,47,South,Support,19,167.84
674,2025-06-10,40,North,Services,22,18.32
675,2024-01-11,82,East,Support,30,479.26
676,2024-08-28,112,South,Support,31,440.74
677,2024-01-23,175,South,Hardware,8,37.77
678,2024-11-05,42,West,Support,36,524.45
679,2025-01-06,158,North,Support,19,
680,2024-01-08,108,West,Hardware,40,63.41
681,2024-01-07,43,South,Software,1,265.90
682,2024-12-11,143,South,Services,10,766.03
683,2025-05-08,80,South,Support,26,362.62
684,2024-11-22,13,North,Software,31,525.20
685,2024-07-29,169,East,Hardware,4,789.28
686,2025-03-06,58,North,Software,7,614.29
687,2024-02-23,47,East,Software,36,380.46
688,2024-06-20,28,South,Services,18,707.59
689,2025-03-27,172,North,Support,11,716.74
690,2024-02-28,65,East,Software,33,747.00
691,2024-06-28,31,South,Software,35,140.73
692,2024-05-07,108,North,Hardware,37,808.54
693,2025-03-14,37,West,Support,4,63.31
694,2025-01-10,172,North,Support,6,260.86
695,2025-04-11,9,West,Software,35,474.86
696,2024-01-23,126,West,Hardware,7,505.57
697,2025-04-18,80,East,Services,33,823.28
698,2024-05-03,69,East,Support,2,339.50
699,2024-12-29,72,South,Software,33,457.45
700,2024-11-21,63,West,Hardware,4,444.38
701,2024-03-23,179,West,Services,12,434.27
702,2024-09-03,114,East,Software,18,94.22
703,2024-12-05,96,East,Software,31,496.31
704,2025-04-23,147,West,Software,18,348.60
705,2024-06-29,165,East,Hardware,16,752.25
706,2024-06-09,80,East,Software,39,96.46
707,2024-09-06,135,West,Software,25,351.22
708,2024-01-05,111,North,Services,28,571.51
709,2025-06-27,152,South,Support,39,329.72
710,2024-06-24,163,West,Software,39,76.82
711,2024-04-01,78,North,Support,21,265.09
712,2025-05-22,106,North,Support,39,325.42
713,2025-02-20,174,South,Software,2,510.56
714,2024-07-06,170,South,Software,2,396.13
715,2024-11-10,35,West,Services,-2,33.19
716,2024-06-10,106,West,Services,10,895.04
717,2024-07-21,44,North,Services,2,
718,2025-01-12,26,West,Software,20,101.93
719,2025-04-06,119,West,Software,16,350.58
720,2024-02-04,122,North,Software,34,563.39
721,2024-06-24,199,North,Services,25,864.78
722,2024-12-14,190,South,Software,-1,331.53
723,2025-02-24,197,West,Hardware,22,515.03
724,2025-02-06,171,South,Support,22,328.44
725,2025-03-20,58,North,Services,37,842.36
726,2025-04-19,134,West,Services,21,666.83
727,2025-05-28,79,South,Support,8,30.23
728,2024-11-23,23,East,Hardware,-3,197.50
729,2025-01-26,79,West,Hardware,38,36.05
730,2025-06-05,10,South,Software,32,413.25
731,2024-07-02,118,West,Software,27,18.29
732,2024-02-03,165,South,Hardware,8,663.80
733,2024-08-15,151,South,Services,11,279.09
734,2024-09-18,166,West,Software,10,694.64
735,2024-09-07,157,North,Software,19,292.70
736,2024-07-15,70,South,Services,2,28.01
737,2025-06-26,76,North,Hardware,3,301.50
738,2024-11-24,156,East,Software,36,87.92
739,2024-08-14,66,West,Services,19,418.75
740,2024-10-11,25,South,Services,33,362.96
741,2024-11-12,15,North,Software,14,767.75
742,2024-11-18,195,West,Software,19,737.82
743,2024-02-15,142,North,Software,28,179.10
744,2024-06-13,134,West,Software,16,764.99
745,2024-04-12,164,North,Support,11,548.50
746,2024-01-27,81,North,Services,23,94.15
747,2024-11-07,145,South,Software,12,533.42
748,2024-10-16,45,South,Services,12,357.69
749,2024-10-10,98,South,Support,40,307.04
750,2024-11-18,131,South,Support,3,478.99
751,2025-03-17,211,South,Services,15,385.35
752,2024-10-03,134,East,Hardware,25,659.79
753,2024-06-01,20,North,Hardware,23,469.90
754,2024-01-09,194,North,Support,33,635.96
755,2024-09-24,78,West,Support,37,103.77
756,2025-01-18,117,West,Software,22,267.38
757,2024-01-04,73,South,Services,20,96.18
758,2025-05-14,184,East,Software,17,862.42
759,2025-05-05,138,South,Software,27,288.42
760,2025-02-12,157,East,Services,18,333.33
761,2025-06-03,20,West,Hardware,38,116.94
762,2024-08-27,90,North,Services,32,379.95
763,2024-12-31,99,East,Support,-3,15.50
764,2025-01-10,195,East,Services,22,387.00
765,2024-09-28,76,West,Services,28,95.68
766,2024-08-21,16,South,Software,31,404.24
767,2025-06-23,116,South,Support,18,535.47
768,2024-03-17,123,North,Hardware,28,258.76
769,2024-10-10,58,West,Services,39,
770,2024-03-10,97,West,Software,11,443.96
771,2024-12-28,63,West,Support,5,648.40
772,2024-10-27,117,West,Software,31,55.52
773,2024-12-05,148,East,Hardware,34,476.92
774,2024-03-30,139,North,Services,23,543.79
775,2025-03-23,97,North,Services,21,795.11
776,2024-03-18,58,South,Services,23,288.94
777,2024-05-15,18,North,Hardware,26,216.37
778,2025-04-24,189,South,Hardware,11,291.08
779,2025-02-23,86,North,Hardware,13,194.32
780,2025-05-27,71,North,Hardware,31,366.69
781,2024-04-25,164,West,Software,1,147.82
782,2024-02-17,21,North,Services,29,439.53
783,2025-05-16,174,South,Software,12,
784,2024-12-15,53,North,Support,33,681.81
785,2025-03-04,179,South,Services,11,559.75
786,2024-02-04,125,South,Services,28,712.41
787,2025-04-15,84,West,Hardware,20,192.24
788,2024-03-24,146,West,Software,20,688.56
789,2024-01-03,147,East,Software,16,128.38
790,2024-03-28,64,East,Support,17,130.25
791,2024-06-29,129,East,Software,33,862.21
792,2025-05-28,45,South,Software,37,593.83
793,2024-02-27,18,North,Software,5,478.71
794,2024-10-20,12,South,Services,1,881.86
795,2024-06-24,140,South,Support,32,878.08
796,2024-04-05,9,West,Hardware,2,410.00
797,2025-01-09,189,North,Support,34,589.44
798,2024-04-22,50,West,Support,17,855.74
799,2024-06-14,144,North,Support,28,694.95
800,2024-03-26,167,East,Support,32,183.64
801,2024-04-14,17,West,Support,5,92.68
802,2024-12-19,37,South,Services,25,802.66
803,2024-09-18,76,North,Support,37,73.11
804,2024-01-27,6,South,Support,36,415.16
805,2025-01-25,29,West,Software,31,501.50
806,2025-03-10,32,South,Support,24,777.02
807,2025-03-15,116,East,Support,29,34.48
808,2025-01-03,92,East,Services,2,111.70
809,2025-05-27,153,South,Software,36,25.08
810,2024-01-06,7,South,Support,30,160.61
811,2024-12-15,189,South,Support,21,549.59
812,2024-09-15,96,East,Hardware,37,510.33
813,2025-05-21,7,West,Software,6,742.67
814,2024-01-30,183,South,Software,27,25.48
815,2024-08-31,176,North,Software,30,717.83
816,2024-04-13,60,South,Services,27,193.04
817,2024-01-06,190,East,Services,20,42.41
818,2025-03-04,196,West,Support,9,243.20
819,2024-11-25,105,West,Software,16,325.17
820,2024-09-08,26,West,Hardware,35,372.42
821,2025-04-12,33,South,Software,14,437.64
822,2024-12-07,54,East,Services,1,843.01
823,2024-07-13,190,North,Software,7,764.08
824,2024-02-26,35,North,Hardware,18,437.50
825,2024-08-07,34,East,Services,8,734.99
826,2025-01-01,122,West,Services,37,814.15
827,2024-12-21,14,North,Support,5,891.20
828,2024-01-23,131,West,Support,11,196.72
829,2025-01-12,167,West,Services,4,884.69
830,2024-10-02,18,North,Hardware,37,783.99
831,2024-05-26,8,East,Support,3,68.74
832,2024-02-19,109,West,Software,13,878.59
833,2025-05-18,24,East,Services,-3,722.45
834,2025-02-19,58,West,Services,17,459.67
835,2024-06-15,138,South,Hardware,37,555.98
836,2025-05-18,47,North,Services,-1,224.47
837,2024-12-23,102,East,Services,11,361.72
838,2024-07-16,58,North,Software,4,346.53
839,2024-09-04,135,East,Software,11,419.34
840,2024-08-16,137,South,Support,29,714.73
841,2025-03-12,113,West,Hardware,39,455.58
842,2024-08-08,125,West,Software,24,821.30
843,2024-11-19,57,West,Services,23,417.57
844,2024-11-12,81,South,Hardware,21,651.27
845,2024-12-21,91,East,Services,2,471.04
846,2024-11-28,10,South,Support,40,732.96
847,2024-04-03,137,South,Support,1,472.37
848,2025-04-26,67,South,Support,10,338.15
849,2025-02-17,131,East,Services,21,368.53
850,2024-02-11,110,North,Support,38,710.10
851,2025-02-27,150,East,Software,8,222.52
852,2024-01-20,17,East,Hardware,19,845.12
853,2024-08-09,214,South,Hardware,5,87.08
854,2024-07-16,2,North,Hardware,18,513.64
855,2024-04-22,183,West,Software,35,155.54
856,2024-12-28,64,East,Services,25,699.72
857,2024-11-15,191,West,Support,24,718.67
858,2024-09-30,100,East,Support,14,232.67
859,2024-07-19,11,West,Software,24,686.13
860,2024-06-11,98,East,Software,-2,380.61
861,2025-04-20,141,West,Software,5,861.06
862,2025-01-08,17,North,Software,4,349.81
863,2024-07-26,188,South,Hardware,7,504.92
864,2025-04-16,152,North,Support,33,663.03
865,2024-09-17,84,East,Support,1,73.76
866,2024-12-12,198,East,Services,17,626.05
867,2024-04-05,146,West,Support,23,825.85
868,2025-05-04,135,East,Hardware,27,431.95
869,2024-09-01,120,East,Software,-2,540.69
870,2025-04-28,44,West,Services,26,466.28
871,2025-05-07,119,East,Hardware,4,39.16
872,2024-07-26,74,North,Software,8,234.55
873,2025-06-15,142,North,Services,6,527.07
874,2025-01-08,57,East,Hardware,13,707.79
875,2025-05-30,89,West,Hardware,-3,614.58
876,2024-09-20,23,South,Support,16,893.62
877,2024-05-29,176,South,Support,23,642.42
878,2024-09-11,23,North,Support,-3,256.03
879,2025-06-11,154,West,Hardware,31,157.95
880,2024-03-25,96,North,Software,38,148.44
881,2024-07-26,64,West,Support,33,769.18
882,2024-12-21,184,North,Hardware,8,652.36
883,2025-02-22,42,North,Hardware,6,447.74
884,2024-04-04,152,North,Hardware,3,597.39
885,2025-06-24,39,East,Support,23,479.83
886,2025-05-21,121,East,Hardware,5,
887,2024-09-16,158,South,Services,5,843.84
888,2024-07-24,4,West,Software,29,586.79
889,2024-08-26,33,South,Software,30,
890,2024-05-03,49,West,Hardware,15,891.17
891,2025-02-28,14,North,Services,2,
892,2025-01-14,27,West,Software,20,475.92
893,2025-04-30,167,East,Services,16,720.23
894,2025-06-20,29,North,Services,28,213.41
895,2025-05-28,55,South,Hardware,23,280.82
896,2024-05-16,166,South,Services,10,576.00
897,2024-12-16,187,North,Services,10,476.24
898,2024-06-24,91,North,Software,-2,857.71
899,2025-05-20,194,East,Software,26,609.46
900,2024-09-09,20,South,Services,4,213.28
901,2025-01-14,159,West,Support,25,198.95
902,2025-01-12,62,West,Hardware,16,272.14
903,2024-06-30,13,North,Hardware,24,654.73
904,2025-06-18,163,East,Hardware,19,870.62
905,2025-05-15,88,West,Services,-2,319.40
906,2024-02-04,197,South,Services,9,72.82
907,2024-06-14,35,North,Services,13,
908,2024-01-24,100,North,Hardware,6,100.42
909,2024-11-29,68,West,Hardware,20,749.28
910,2024-04-14,1,North,Software,20,352.85
911,2024-08-02,141,East,Software,25,418.41
912,2024-03-10,17,North,Software,40,240.92
913,2024-06-17,21,West,Support,29,878.05
914,2024-05-24,105,South,Hardware,24,198.81
915,2024-07-13,1,South,Software,1,764.74
916,2024-11-10,146,West,Software,40,140.43
917,2024-01-31,173,South,Hardware,27,899.80
918,2024-05-26,104,East,Hardware,18,375.19
919,2024-01-16,191,West,Software,6,345.79
920,2025-03-06,176,West,Software,27,207.81
921,2024-08-22,154,North,Software,27,345.56
922,2025-04-29,157,South,Services,38,734.59
923,2025-01-17,164,East,Support,38,41.49
924,2025-06-03,96,West,Support,12,516.23
925,2024-12-17,79,South,Software,17,195.94
926,2024-07-14,186,South,Hardware,29,
927,2024-10-16,162,South,Support,2,158.61
928,2024-07-31,59,East,Support,38,179.00
929,2025-02-11,138,South,Hardware,36,164.31
930,2024-03-18,43,West,Software,17,44.72
931,2024-01-15,165,North,Hardware,8,858.48
932,2025-01-03,177,South,Services,4,835.38
933,2024-04-09,42,West,Services,13,128.09
934,2024-04-13,25,North,Hardware,19,758.25
935,2024-02-07,70,East,Software,14,374.33
936,2024-05-04,126,North,Software,9,714.39
937,2025-04-06,188,West,Software,18,460.24
938,2025-02-07,20,South,Support,16,37.03
939,2024-12-12,158,East,Services,26,266.14
940,2024-07-30,93,West,Hardware,27,586.27
941,2024-04-21,98,West,Hardware,11,40.59
942,2024-12-21,15,South,Hardware,24,688.17
943,2025-04-19,177,East,Services,8,422.82
944,2024-03-28,193,West,Software,22,129.64
945,2025-06-18,155,West,Software,20,62.49
946,2024-04-10,89,East,Hardware,37,658.04
947,2024-01-26,135,South,Software,18,88.54
948,2024-01-13,100,North,Support,28,545.26
949,2025-06-26,149,North,Hardware,18,597.06
950,2024-09-18,172,North,Services,2,594.35
951,2024-08-02,148,South,Services,33,280.63
952,2025-05-01,166,East,Hardware,4,793.11
953,2024-03-20,75,West,Hardware,25,81.53
954,2024-05-17,71,North,Services,14,680.08
955,2024-06-25,164,West,Support,2,504.25
956,2024-09-07,109,West,Services,27,59.04
957,2024-05-30,92,South,Services,31,456.10
958,2024-05-04,9,East,Support,25,289.24
959,2025-04-14,94,North,Software,40,808.45
960,2024-11-11,190,East,Services,28,87.53
961,2024-11-01,169,East,Services,5,355.99
962,2024-10-10,12,East,Software,7,351.83
963,2024-01-12,9,South,Support,2,690.56
964,2024-12-09,27,South,Services,25,449.69
965,2024-08-22,145,North,Services,36,898.26
966,2025-02-03,90,East,Hardware,3,701.71
967,2025-04-03,100,East,Support,6,124.76
968,2025-05-15,11,North,Hardware,28,866.32
969,2024-11-28,41,South,Support,37,685.52
970,2024-06-12,189,West,Software,29,
971,2024-05-08,151,East,Hardware,19,308.12
972,2024-07-11,42,West,Support,12,134.39
973,2024-08-16,67,West,Hardware,21,850.11
974,2025-05-24,67,East,Hardware,25,657.16
975,2025-06-23,137,South,Hardware,19,726.62
976,2025-05-14,28,North,Hardware,35,409.59
977,2025-05-29,40,South,Support,21,
978,2024-06-07,123,North,Software,26,234.64
979,2024-10-03,145,North,Hardware,38,334.35
980,2025-02-18,65,West,Support,15,689.84
981,2024-10-14,32,North,Hardware,33,864.71
982,2024-12-02,131,South,Services,23,787.59
983,2024-09-24,29,West,Services,40,823.72
984,2024-02-08,33,South,Hardware,11,739.37
985,2024-12-07,25,North,Support,34,474.03
986,2024-10-20,135,East,Services,30,218.59
987,2025-06-18,12,West,Software,30,330.80
988,2025-06-28,168,South,Support,2,366.41
989,2024-02-18,39,East,Software,40,25.17
990,2024-11-09,42,East,Hardware,21,772.36
991,2024-02-18,55,South,Services,35,
992,2024-08-14,64,West,Support,23,338.21
993,2025-06-15,17,North,Software,1,681.13
994,2025-05-15,27,East,Software,5,153.91
995,2025-03-12,27,East,Support,39,723.85
996,2024-12-06,64,North,Hardware,6,253.22
997,2024-08-31,116,West,Services,13,897.89
998,2024-07-02,80,South,Support,10,561.20
999,2024-04-09,81,North,Software,35,834.95
1000,2024-04-15,11,South,Services,16,183.65
1001,2024-10-14,57,South,Software,3,407.52
1002,2024-05-01,166,South,Services,19,139.11
1003,2024-03-18,132,South,Software,9,53.21
1004,2025-03-16,94,East,Services,39,742.63
1005,2024-06-01,96,South,Hardware,16,710.09
1006,2024-02-24,180,East,Hardware,12,110.08
1007,2025-04-06,29,South,Software,16,
1008,2024-07-12,101,East,Support,18,440.02
1009,2024-10-06,18,North,Hardware,1,870.82
1010,2024-04-12,24,South,Hardware,37,694.46
1011,2024-05-17,2,South,Hardware,-3,655.52
1012,2024-07-17,137,North,Hardware,37,290.79
1013,2024-04-07,134,West,Hardware,5,658.28
1014,2025-06-05,145,South,Services,31,462.07
1015,2025-03-21,100,West,Hardware,20,752.54
1016,2024-07-21,102,South,Software,7,155.00
1017,2024-05-11,3,North,Services,32,809.70
1018,2025-04-16,21,North,Services,3,626.81
1019,2025-06-12,21,East,Software,21,367.01
1020,2025-06-09,114,East,Services,32,328.49
1021,2024-06-13,104,West,Support,19,567.44
1022,2024-03-13,178,East,Software,17,680.34
1023,2025-04-21,90,South,Software,6,557.36
1024,2025-01-30,160,North,Support,23,108.09
1025,2025-01-05,179,West,Services,8,696.94
1026,2024-03-07,80,South,Support,25,34.78
1027,2024-02-28,50,North,Hardware,39,769.70
1028,2025-02-14,76,East,Software,16,455.89
1029,2024-11-20,57,South,Hardware,14,
1030,2024-06-18,181,East,Services,17,828.84
1031,2024-07-08,53,North,Hardware,25,487.50
1032,2024-03-12,159,East,Software,1,224.28
1033,2024-07-31,162,South,Support,25,35.67
1034,2024-11-14,150,North,Software,6,606.63
1035,2025-03-16,151,West,Services,1,536.56
1036,2024-08-07,167,North,Software,33,395.03
1037,2024-02-12,160,West,Services,4,750.88
1038,2024-12-13,110,South,Services,36,550.10
1039,2024-05-18,52,North,Hardware,8,842.08
1040,2024-02-17,138,West,Hardware,37,697.00
1041,2025-05-19,10,North,Hardware,19,851.96
1042,2024-12-27,15,East,Services,27,603.11
1043,2024-03-22,36,West,Hardware,29,434.16
1044,2024-01-19,25,North,Software,2,61.09
1045,2025-05-24,160,West,Services,35,537.38
1046,2025-02-08,61,East,Hardware,15,656.70
1047,2024-12-27,144,South,Software,34,858.64
1048,2024-11-08,19,East,Software,16,125.72
1049,2024-11-27,177,North,Hardware,17,516.27
1050,2024-02-05,161,East,Hardware,26,457.90
1051,2024-05-23,60,North,Software,31,840.01
1052,2025-04-02,77,South,Services,32,838.05
1053,2024-06-28,169,North,Services,7,224.83
1054,2024-05-04,98,East,Software,10,304.06
1055,2025-02-20,37,East,Support,39,610.28
1056,2025-06-08,135,East,Support,26,452.14
1057,2024-06-02,53,South,Support,26,490.24
1058,2025-06-26,125,West,Software,22,286.28
1059,2024-06-24,101,West,Services,7,
1060,2024-12-05,15,North,Hardware,15,198.98
1061,2024-01-20,34,North,Support,12,441.05
1062,2024-09-05,31,South,Software,25,616.96
1063,2024-11-20,68,West,Hardware,14,481.31
1064,2024-11-19,188,North,Hardware,13,450.51
1065,2024-03-09,8,East,Hardware,29,579.08
1066,2024-12-17,130,South,Services,38,87.47
1067,2024-02-25,76,West,Services,23,714.79
1068,2024-01-02,75,South,Support,14,463.70
1069,2025-04-16,95,South,Software,4,63.27
1070,2024-11-18,61,South,Services,13,462.97
1071,2024-02-15,115,South,Services,33,821.59
1072,2025-01-09,130,West,Services,8,467.62
1073,2024-12-28,13,East,Services,13,547.70
1074,2025-04-15,134,East,Services,4,898.24
1075,2024-12-05,62,North,Software,13,108.92
1076,2024-04-20,7,West,Support,22,108.37
1077,2025-06-08,10,West,Hardware,17,278.83
1078,2025-02-18,155,East,Support,14,195.59
1079,2024-03-16,74,West,Support,19,736.80
1080,2024-01-24,164,North,Software,33,211.98
1081,2025-01-31,63,West,Hardware,16,
1082,2024-08-02,119,West,Services,28,71.87
1083,2024-02-04,200,South,Services,-1,35.68
1084,2025-04-08,124,East,Hardware,3,188.45
1085,2024-09-12,72,West,Software,36,472.84
1086,2024-06-28,195,North,Services,7,30.59
1087,2024-09-22,188,West,Support,12,249.59
1088,2024-09-03,42,East,Support,4,67.29
1089,2024-08-30,70,West,Hardware,25,350.48
1090,2024-06-08,88,West,Software,9,58.91
1091,2025-03-30,28,West,Hardware,27,557.70
1092,2024-03-10,166,East,Support,6,830.37
1093,2024-01-12,129,West,Software,12,561.86
1094,2025-06-08,35,West,Software,3,746.30
1095,2024-08-20,213,East,Services,16,395.65
1096,2025-02-09,121,South,Software,8,718.97
1097,2024-12-03,32,North,Software,37,622.94
1098,2024-05-13,69,East,Support,28,205.30
1099,2025-03-02,98,East,Support,6,462.71
1100,2024-06-11,3,East,Support,27,721.21
1101,2024-08-14,121,West,Software,24,828.58
1102,2024-08-16,179,East,Software,6,731.91
1103,2024-01-05,154,East,Support,40,627.58
1104,2025-06-26,40,South,Support,20,98.74
1105,2025-06-07,184,North,Hardware,20,850.59
1106,2024-04-27,179,West,Support,4,63.28
1107,2024-08-19,186,West,Hardware,9,854.23
1108,2024-06-20,167,South,Services,16,790.00
1109,2025-03-15,146,South,Services,35,760.44
1110,2024-05-22,90,South,Services,10,342.10
1111,2024-06-08,97,North,Hardware,2,493.96
1112,2025-06-02,104,South,Support,27,652.41
1113,2024-11-09,32,North,Hardware,12,177.96
1114,2024-03-06,38,East,Support,35,544.73
1115,2025-04-05,137,East,Support,40,671.59
1116,2025-04-08,59,South,Hardware,12,617.62
1117,2024-04-09,152,East,Software,32,758.87
1118,2024-03-08,92,North,Software,10,410.80
1119,2025-01-04,76,South,Hardware,19,36.33
1120,2025-02-24,118,East,Software,17,
1121,2024-12-17,167,South,Hardware,13,679.59
1122,2024-07-25,163,North,Software,10,476.63
1123,2025-05-19,107,South,Support,6,657.66
1124,2025-06-27,29,East,Hardware,40,392.31
1125,2024-01-21,178,West,Services,9,894.82
1126,2025-03-30,107,East,Support,33,381.44
1127,2025-04-24,106,South,Hardware,33,528.82
1128,2024-04-09,131,North,Software,10,340.57
1129,2024-12-16,110,West,Support,-2,875.88
1130,2025-06-16,130,North,Hardware,5,66.80
1131,2025-06-07,10,West,Services,3,83.62
1132,2025-04-07,8,North,Hardware,10,767.19
1133,2025-02-16,134,West,Software,14,44.03
1134,2024-02-15,144,West,Software,1,424.71
1135,2024-11-26,107,South,Hardware,9,781.69
1136,2024-09-29,52,South,Services,34,
1137,2024-05-24,36,East,Hardware,15,
1138,2024-09-12,28,East,Support,12,153.16
1139,2025-01-17,20,West,Hardware,10,234.92
1140,2024-08-21,220,East,Software,21,448.17
1141,2024-12-25,141,North,Hardware,2,330.42
1142,2024-09-10,60,West,Services,23,550.61
1143,2025-02-01,34,East,Hardware,17,323.84
1144,2024-07-31,45,South,Support,12,35.72
1145,2025-02-03,76,West,Services,15,553.82
1146,2024-07-30,128,North,Software,6,474.64
1147,2025-03-28,7,South,Hardware,12,507.16
1148,2024-08-20,13,East,Hardware,3,625.80
1149,2024-01-10,133,West,Software,32,853.66
1150,2024-08-01,54,North,Hardware,19,543.59
1151,2024-03-10,2,South,Support,19,431.34
1152,2025-01-22,108,North,Software,12,25.10
1153,2024-10-18,164,North,Software,5,730.52
1154,2025-04-16,130,West,Support,22,51.76
1155,2024-06-21,43,West,Support,18,226.73
1156,2024-01-15,169,West,Support,20,457.54
1157,2024-03-12,22,North,Support,38,580.42
1158,2025-02-28,13,South,Software,27,859.45
1159,2024-07-14,171,East,Software,21,221.09
1160,2024-12-20,75,North,Hardware,12,610.69
1161,2025-02-24,45,West,Hardware,2,700.04
1162,2024-09-06,39,North,Support,15,307.76
1163,2024-04-11,179,West,Hardware,25,442.36
1164,2024-06-25,130,West,Hardware,31,168.72
1165,2024-05-19,49,North,Software,20,20.14
1166,2024-11-01,161,West,Services,30,835.21
1167,2024-12-17,44,West,Services,5,641.15
1168,2025-03-15,108,North,Hardware,1,755.01
1169,2025-06-20,21,South,Hardware,28,30.81
1170,2025-04-13,197,South,Software,27,256.70
1171,2025-02-23,178,North,Support,1,845.38
1172,2024-09-11,165,East,Software,6,636.74
1173,2024-06-30,123,West,Services,15,55.48
1174,2024-10-03,69,South,Hardware,13,544.56
1175,2024-01-11,100,South,Services,13,263.06
1176,2024-09-24,152,North,Software,28,219.19
1177,2025-04-16,169,East,Support,40,41.15
1178,2025-03-06,14,West,Support,2,524.84
1179,2024-01-25,66,West,Support,16,408.08
1180,2025-03-17,141,East,Support,6,423.75
1181,2024-08-25,63,South,Hardware,8,793.92
1182,2024-09-05,176,East,Software,11,527.77
1183,2024-08-29,177,South,Services,23,342.82
1184,2025-06-18,45,West,Support,29,764.48
1185,2024-09-12,9,West,Services,17,628.21
1186,2024-08-11,183,North,Software,30,442.79
1187,2024-10-03,160,East,Services,15,425.47
1188,2024-03-22,186,South,Hardware,23,590.87
1189,2025-05-14,198,East,Support,7,74.94
1190,2024-08-14,175,East,Software,9,581.47
1191,2024-05-10,162,South,Software,37,33.74
1192,2024-01-11,146,West,Services,37,896.41
1193,2024-05-06,126,South,Software,1,899.06
1194,2024-10-30,59,South,Services,17,863.54
1195,2024-02-23,23,East,Hardware,17,513.75
1196,2025-01-13,161,North,Support,19,816.99
1197,2024-10-29,164,East,Services,9,656.87
1198,2024-03-14,148,East,Software,24,501.99
1199,2024-11-30,31,South,Services,33,150.84
1200,2025-06-14,156,North,Software,19,56.37
1201,2024-08-21,131,West,Hardware,36,280.55
1202,2024-11-28,194,East,Support,25,676.60
1203,2024-09-29,6,East,Support,7,713.14
1204,2024-06-21,185,South,Software,9,256.76
1205,2024-08-12,49,East,Hardware,18,197.12
1206,2025-03-11,101,North,Services,24,54.83
1207,2025-01-13,103,West,Software,23,771.39
1208,2024-03-25,46,North,Software,30,242.88
1209,2024-01-27,43,East,Support,26,234.60
1210,2025-06-19,6,South,Hardware,25,860.61
1211,2024-12-18,1,West,Services,33,283.32
1212,2024-12-31,11,North,Hardware,16,277.17
1213,2024-11-08,82,North,Services,9,282.62
1214,2025-04-02,27,North,Hardware,15,811.66
1215,2024-12-31,57,North,Software,40,334.21
1216,2024-02-05,49,South,Software,25,409.78
1217,2024-09-30,65,West,Services,33,881.62
1218,2024-07-26,188,North,Services,39,458.30
1219,2024-06-25,79,West,Support,18,488.69
1220,2025-01-18,130,West,Software,16,897.91
1221,2024-07-19,94,East,Support,18,157.24
1222,2024-10-14,1,South,Support,19,692.24
1223,2024-04-17,112,East,Services,19,82.88
1224,2024-04-24,138,South,Software,21,239.09
1225,2025-01-23,86,West,Hardware,25,93.20
1226,2024-04-23,105,South,Hardware,25,400.38
1227,2024-09-24,47,West,Services,15,141.49
1228,2024-12-03,159,South,Hardware,28,722.23
1229,2025-03-07,103,South,Hardware,18,639.93
1230,2025-04-10,209,West,Software,40,440.99
1231,2024-05-05,47,East,Software,25,443.39
1232,2024-07-22,90,North,Hardware,28,688.66
1233,2025-02-09,14,South,Services,39,290.59
1234,2025-06-08,57,East,Hardware,24,838.47
1235,2024-11-15,172,East,Hardware,23,565.04
1236,2024-03-10,89,South,Support,39,846.01
1237,2025-04-07,65,West,Hardware,13,499.84
1238,2024-04-05,15,West,Support,30,46.22
1239,2024-04-29,168,South,Services,9,173.63
1240,2024-07-07,82,East,Services,12,298.96
1241,2024-05-07,162,South,Software,11,549.00
1242,2024-06-28,77,West,Hardware,29,538.43
1243,2024-10-10,144,South,Software,17,92.56
1244,2024-08-24,121,West,Hardware,26,198.75
1245,2024-07-26,200,East,Software,25,420.73
1246,2025-04-25,116,West,Services,25,40.97
1247,2024-11-10,156,East,Hardware,16,187.42
1248,2024-06-12,127,East,Software,28,319.54
1249,2025-01-16,78,East,Software,4,176.81
1250,2024-11-02,187,North,Software,37,280.65
1251,2024-06-26,160,South,Support,1,194.33
1252,2024-12-01,36,East,Software,7,549.90
1253,2025-05-26,186,North,Hardware,25,695.58
1254,2024-07-29,184,East,Services,40,460.19
1255,2024-04-09,36,South,Services,18,621.09
1256,2025-05-29,157,South,Services,29,315.41
1257,2024-04-20,143,West,Software,33,241.70
1258,2025-01-25,180,South,Support,31,222.70
1259,2024-05-24,143,North,Software,15,895.16
1260,2024-07-08,161,North,Software,18,76.80
1261,2025-06-28,25,East,Software,13,519.22
1262,2024-05-31,195,South,Services,6,408.32
1263,2024-07-16,71,East,Services,12,466.63
1264,2025-01-26,122,East,Software,30,754.32
1265,2025-05-27,191,West,Hardware,2,800.66
1266,2025-04-03,40,West,Hardware,29,821.43
1267,2024-11-21,61,North,Software,36,565.70
1268,2025-01-01,149,East,Software,26,607.15
1269,2024-08-05,34,West,Hardware,22,589.04
1270,2024-05-03,12,West,Hardware,25,34.99
1271,2025-06-18,120,West,Support,1,635.73
1272,2024-03-16,193,North,Services,27,832.61
1273,2025-01-12,78,North,Hardware,14,532.53
1274,2024-03-30,87,South,Services,11,51.78
1275,2024-05-18,11,South,Software,10,700.11
1276,2024-11-27,107,South,Support,23,800.48
1277,2024-08-08,161,East,Support,5,474.50
1278,2024-10-21,142,East,Software,24,118.19
1279,2025-03-20,9,West,Support,11,220.69
1280,2025-03-19,34,South,Services,24,843.74
1281,2024-02-18,177,South,Software,31,555.24
1282,2025-02-05,58,West,Support,18,526.66
1283,2024-05-18,106,East,Support,15,143.14
1284,2024-06-21,116,East,Services,18,169.51
1285,2024-01-05,15,West,Hardware,34,681.79
1286,2024-11-25,110,North,Support,34,409.41
1287,2024-09-22,192,West,Hardware,11,303.40
1288,2024-11-19,25,South,Hardware,26,645.00
1289,2024-02-08,6,South,Hardware,9,
1290,2024-05-20,138,North,Hardware,19,810.89
1291,2024-12-17,181,South,Hardware,34,285.62
1292,2024-08-05,96,North,Services,31,168.96
1293,2024-11-25,162,East,Support,4,56.28
1294,2024-03-08,93,East,Services,14,669.83
1295,2024-11-14,42,South,Support,32,628.09
1296,2024-01-07,46,East,Services,15,163.91
1297,2024-04-17,156,West,Hardware,32,527.95
1298,2025-04-24,52,West,Support,12,557.33
1299,2025-06-03,89,West,Services,38,736.17
1300,2024-09-06,38,South,Hardware,37,422.12
1301,2024-02-22,7,North,Software,7,543.58
1302,2025-03-06,154,South,Hardware,12,592.16
1303,2024-07-22,57,South,Software,7,685.31
1304,2024-09-16,81,West,Services,40,633.26
1305,2024-12-31,177,South,Software,5,803.19
1306,2024-08-01,163,South,Hardware,24,635.87
1307,2025-03-12,101,North,Support,23,85.65
1308,2024-01-28,170,East,Hardware,33,284.76
1309,2024-07-27,189,South,Services,17,440.54
1310,2024-05-29,169,East,Services,39,547.82
1311,2024-05-26,84,East,Support,37,719.65
1312,2025-06-19,159,South,Hardware,29,78.66
1313,2024-02-08,56,South,Support,17,258.87
1314,2025-05-21,71,East,Support,33,822.78
1315,2025-02-03,43,South,Hardware,30,395.17
1316,2025-05-07,56,North,Hardware,28,442.04
1317,2024-08-15,97,East,Hardware,3,882.88
1318,2025-06-14,89,North,Support,11,877.87
1319,2024-03-31,40,West,Services,27,211.45
1320,2024-10-28,51,East,Hardware,29,381.49
1321,2025-02-03,123,North,Support,11,295.47
1322,2025-02-19,117,South,Services,10,590.06
1323,2024-03-26,162,East,Services,12,527.25
1324,2025-06-03,121,South,Software,35,68.64
1325,2024-01-29,10,West,Services,12,717.53
1326,2024-08-31,153,West,Support,38,226.11
1327,2024-05-31,62,South,Hardware,28,870.62
1328,2024-02-25,170,South,Hardware,30,835.01
1329,2024-12-29,164,West,Support,34,584.25
1330,2024-07-09,19,North,Support,8,897.47
1331,2025-03-21,6,South,Services,35,434.83
1332,2025-04-11,36,North,Support,-3,115.84
1333,2025-02-18,161,North,Software,30,190.40
1334,2024-05-23,174,West,Hardware,34,897.66
1335,2025-05-29,152,West,Hardware,-2,418.56
1336,2024-03-18,90,West,Software,15,190.68
1337,2024-07-31,70,North,Support,40,326.13
1338,2024-06-28,85,East,Support,1,217.63
1339,2024-06-11,16,South,Hardware,13,332.14
1340,2024-10-07,107,North,Software,12,614.69
1341,2025-01-19,78,South,Support,3,117.30
1342,2024-10-16,53,West,Services,2,870.43
1343,2025-06-18,198,South,Software,29,26.02
1344,2024-03-07,21,South,Software,39,228.81
1345,2024-04-04,184,South,Hardware,21,739.19
1346,2025-01-14,33,North,Support,15,178.22
1347,2025-06-22,146,East,Services,31,572.57
1348,2024-12-21,162,South,Support,6,678.87
1349,2024-09-20,29,South,Software,24,439.57
1350,2024-12-21,15,South,Support,27,598.19
1351,2025-01-19,49,East,Hardware,15,547.56
1352,2024-05-08,43,West,Hardware,11,53.24
1353,2025-05-20,184,East,Hardware,22,562.66
1354,2024-01-25,4,East,Services,14,391.18
1355,2024-10-16,166,South,Software,40,376.25
1356,2024-06-05,192,West,Hardware,18,721.09
1357,2025-06-15,8,South,Support,35,285.74
1358,2025-01-01,191,East,Support,4,274.87
1359,2024-03-26,92,South,Support,8,495.11
1360,2024-11-01,188,South,Hardware,22,703.02
1361,2025-02-05,148,East,Services,15,282.32
1362,2024-03-27,132,North,Services,24,686.95
1363,2024-10-11,11,East,Support,38,299.26
1364,2024-03-02,113,North,Hardware,23,137.38
1365,2025-06-25,90,South,Support,37,148.03
1366,2025-05-03,129,South,Software,8,143.58
1367,2024-11-09,175,North,Hardware,4,354.47
1368,2024-01-07,171,South,Hardware,17,583.36
1369,2024-06-07,162,South,Software,27,80.88
1370,2024-11-28,122,North,Support,33,193.82
1371,2024-06-06,31,South,Hardware,31,
1372,2024-01-08,112,North,Software,3,859.52
1373,2025-06-23,43,South,Software,6,887.11
1374,2024-04-01,18,North,Hardware,13,231.58
1375,2025-06-03,151,North,Software,37,395.90
1376,2025-03-28,12,East,Support,1,742.95
1377,2024-07-04,97,South,Support,20,791.71
1378,2024-02-09,60,West,Hardware,32,
1379,2024-03-03,2,West,Support,-1,
1380,2025-05-12,87,North,Software,39,618.86
1381,2024-05-23,170,West,Services,8,196.72
1382,2024-10-01,51,West,Services,24,301.52
1383,2025-02-21,151,South,Software,38,218.83
1384,2025-01-05,144,East,Support,40,279.06
1385,2024-08-26,176,East,Services,13,334.78
1386,2024-03-13,200,North,Hardware,25,263.26
1387,2024-04-24,70,North,Services,28,880.86
1388,2024-04-08,11,East,Hardware,15,266.29
1389,2024-09-09,176,East,Software,17,663.59
1390,2024-09-12,133,West,Services,21,
1391,2024-08-09,122,South,Services,1,809.29
1392,2024-04-22,90,South,Services,5,459.28
1393,2024-11-30,44,East,Support,5,324.91
1394,2024-06-18,195,South,Hardware,36,366.97
1395,2025-03-13,120,North,Hardware,18,523.23
1396,2024-05-14,155,East,Services,35,428.91
1397,2024-03-29,63,West,Software,21,396.43
1398,2024-08-25,88,North,Software,21,877.76
1399,2025-04-10,93,West,Support,18,340.90
1400,2024-03-22,127,West,Software,13,220.82
1401,2024-08-11,175,North,Hardware,27,867.14
1402,2024-02-06,100,East,Software,11,444.67
1403,2024-02-24,146,East,Services,27,596.69
1404,2025-01-12,173,South,Support,29,76.64
1405,2024-08-17,140,North,Hardware,18,443.44
1406,2024-02-03,105,North,Hardware,12,541.00
1407,2024-06-08,50,West,Software,32,811.18
1408,2024-03-10,99,North,Hardware,9,92.80
1409,2024-06-01,95,South,Software,34,492.57
1410,2025-01-01,87,North,Hardware,31,
1411,2025-01-07,104,West,Hardware,1,609.05
1412,2024-09-21,193,South,Services,2,467.13
1413,2024-10-18,167,West,Software,3,247.05
1414,2024-11-04,194,West,Support,29,141.29
1415,2024-08-02,167,South,Software,17,714.23
1416,2025-03-08,14,South,Services,9,173.33
1417,2025-06-28,69,South,Hardware,28,295.65
1418,2025-04-20,69,East,Hardware,33,
1419,2024-02-27,39,East,Support,11,88.81
1420,2024-04-22,142,North,Hardware,40,37.50
1421,2024-01-03,19,East,Support,8,513.19
1422,2024-02-23,70,West,Software,39,443.51
1423,2024-06-16,131,South,Hardware,9,888.85
1424,2025-04-22,106,North,Services,9,628.96
1425,2024-08-21,140,East,Support,-1,396.89
1426,2025-03-28,182,East,Software,19,233.14
1427,2025-05-23,36,North,Services,23,445.71
1428,2024-07-29,5,East,Services,-2,852.01
1429,2024-10-30,196,North,Support,28,406.07
1430,2024-04-22,131,East,Services,32,557.60
1431,2024-03-09,176,East,Support,7,741.95
1432,2024-08-16,168,East,Services,34,106.15
1433,2024-12-21,65,South,Hardware,12,467.68
1434,2024-01-20,120,West,Hardware,31,188.36
1435,2024-07-26,106,North,Hardware,19,805.85
1436,2025-02-07,106,West,Services,23,761.56
1437,2024-03-13,46,South,Hardware,40,668.87
1438,2025-06-01,152,South,Hardware,7,543.96
1439,2024-10-20,141,South,Software,15,105.87
1440,2024-11-05,142,South,Software,3,386.34
1441,2024-06-24,14,South,Software,11,554.98
1442,2024-10-23,78,West,Services,35,151.55
1443,2025-04-12,2,West,Services,12,
1444,2024-06-12,152,East,Services,3,550.52
1445,2025-05-19,40,East,Support,2,542.61
1446,2024-07-19,192,East,Services,31,187.84
1447,2025-04-20,93,South,Services,34,495.99
1448,2025-01-24,35,East,Support,3,441.24
1449,2025-06-29,140,North,Services,34,238.74
1450,2025-06-10,11,South,Software,37,606.67
1451,2024-05-28,5,West,Services,12,543.28
1452,2025-04-23,140,East,Services,37,740.29
1453,2024-02-13,193,North,Services,14,236.83
1454,2024-09-12,9,West,Support,16,396.22
1455,2025-04-15,44,West,Services,18,52.27
1456,2024-01-23,31,North,Services,8,324.98
1457,2024-08-01,5,North,Services,29,838.35
1458,2024-03-30,110,West,Hardware,29,204.28
1459,2024-05-08,30,West,Services,38,473.13
1460,2024-04-07,74,North,Software,6,894.10
1461,2025-04-03,152,West,Support,16,579.17
1462,2024-02-17,157,East,Support,9,175.13
1463,2024-07-31,72,West,Support,8,641.54
1464,2024-12-10,76,West,Hardware,8,200.06
1465,2024-12-26,14,South,Services,23,68.95
1466,2025-01-02,115,North,Software,20,547.73
1467,2024-12-09,18,South,Support,17,769.22
1468,2024-12-04,152,North,Software,19,476.99
1469,2024-07-24,40,West,Services,23,332.74
1470,2024-07-02,42,North,Support,37,732.49
1471,2024-12-23,195,North,Hardware,25,385.68
1472,2025-01-15,108,East,Hardware,31,572.35
1473,2024-01-21,120,West,Software,39,
1474,2025-04-19,140,North,Hardware,18,821.90
1475,2024-04-24,138,East,Services,38,384.76
1476,2024-05-01,187,East,Support,28,746.47
1477,2025-04-16,37,South,Software,7,271.50
1478,2025-03-21,75,North,Software,23,36.88
1479,2024-03-28,30,West,Support,13,
1480,2024-04-10,37,East,Hardware,18,71.12
1481,2024-10-22,111,North,Services,26,655.22
1482,2024-05-07,113,West,Software,24,410.05
1483,2025-04-04,93,East,Hardware,31,329.04
1484,2024-12-05,75,East,Support,1,161.08
1485,2024-08-18,46,North,Software,27,311.56
1486,2024-01-30,126,West,Support,20,344.77
1487,2024-08-09,163,East,Support,33,200.11
1488,2025-04-24,61,South,Software,36,515.00
1489,2024-09-11,136,West,Software,29,327.92
1490,2024-09-04,80,East,Support,13,157.13
1491,2024-03-28,105,East,Hardware,35,51.79
1492,2024-03-20,4,South,Support,36,194.39
1493,2024-12-24,140,West,Services,13,380.03
1494,2024-03-11,86,East,Software,30,770.44
1495,2024-03-11,163,South,Support,34,799.15
1496,2024-03-02,87,South,Hardware,33,
1497,2024-09-29,61,North,Software,26,629.24
1498,2024-02-01,146,East,Software,21,309.90
1499,2025-06-22,112,East,Services,18,656.53
1500,2024-12-02,87,South,Hardware,36,455.93
